-- phpMyAdmin SQL Dump
-- version 5.1.0
-- https://www.phpmyadmin.net/
--
-- Host: 127.0.0.1
-- Generation Time: Jul 22, 2021 at 03:36 AM
-- Server version: 10.4.18-MariaDB
-- PHP Version: 8.0.3

SET SQL_MODE = "NO_AUTO_VALUE_ON_ZERO";
START TRANSACTION;
SET time_zone = "+00:00";


/*!40101 SET @OLD_CHARACTER_SET_CLIENT=@@CHARACTER_SET_CLIENT */;
/*!40101 SET @OLD_CHARACTER_SET_RESULTS=@@CHARACTER_SET_RESULTS */;
/*!40101 SET @OLD_COLLATION_CONNECTION=@@COLLATION_CONNECTION */;
/*!40101 SET NAMES utf8mb4 */;

--
-- Database: `dblatihan1`
--

-- --------------------------------------------------------

--
-- Table structure for table `device`
--

CREATE TABLE `device` (
  `id` int(100) NOT NULL,
  `Nama` varchar(100) NOT NULL,
  `Daya(Watt)` float NOT NULL,
  `Jumlah` int(100) NOT NULL,
  `Jam` varchar(100) NOT NULL,
  `Prioritas` int(100) NOT NULL,
  `id_user` int(100) NOT NULL,
  `H` varchar(10) NOT NULL,
  `M` varchar(10) NOT NULL
) ENGINE=InnoDB DEFAULT CHARSET=utf8mb4;

--
-- Dumping data for table `device`
--

INSERT INTO `device` (`id`, `Nama`, `Daya(Watt)`, `Jumlah`, `Jam`, `Prioritas`, `id_user`, `H`, `M`) VALUES
(11, 'aaaa', 0.9, 1, 'AUTO', 1, 5, '11', '16'),
(12, 'aaaa', 1, 1, 'AUTO', 2, 5, '02', '03'),
(13, 'aaaa', 1.2, 1, 'AUTO', 3, 5, '01', '30'),
(14, 'aaaa', 0.05, 1, 'AUTO', 4, 5, '11', '40'),
(15, 'aaaa', 0.125, 1, 'AUTO', 5, 5, '13', '10'),
(16, 'aaaa', 0.6, 1, 'AUTO', 6, 5, '15', '20'),
(17, 'aaaa', 0.23, 1, 'AUTO', 7, 5, '22', '23'),
(18, 'aaaa', 0.09, 1, 'AUTO', 8, 5, '16', '22'),
(19, 'aaaa', 0.15, 1, 'AUTO', 9, 5, '11', '45'),
(34, 'lemaria', 0.5, 1, 'AUTO', 1, 5, '05', '01'),
(37, 'asd', 111, 2, 'AUTO', 1, 28, '13', '07'),
(38, 'root', 111, 1, 'AUTO', 3, 28, '09', '12'),
(40, 'lemari', 0.3, 2, 'AUTO', 2, 30, '17', '11');

-- --------------------------------------------------------

--
-- Table structure for table `fitness`
--

CREATE TABLE `fitness` (
  `id` int(100) NOT NULL,
  `best_fitness` int(100) NOT NULL,
  `mean_fitness` int(100) NOT NULL,
  `id_user` int(100) NOT NULL
) ENGINE=InnoDB DEFAULT CHARSET=utf8mb4;

--
-- Dumping data for table `fitness`
--

INSERT INTO `fitness` (`id`, `best_fitness`, `mean_fitness`, `id_user`) VALUES
(53745, 108800, 103700, 5),
(53746, 108800, 105340, 5),
(53747, 108800, 106330, 5),
(53748, 109600, 107850, 5),
(53749, 109600, 107420, 5),
(53750, 109600, 106980, 5),
(53751, 109600, 107320, 5),
(53752, 109600, 108100, 5),
(53753, 110200, 108740, 5),
(53754, 110800, 109160, 5),
(53755, 111200, 109990, 5),
(53756, 112000, 109890, 5),
(53757, 114000, 111700, 5),
(53758, 115400, 112260, 5),
(53759, 115400, 112210, 5),
(53760, 115400, 113560, 5),
(53761, 116600, 113800, 5),
(53762, 116600, 113410, 5),
(53763, 116600, 114660, 5),
(53764, 120100, 116820, 5),
(53765, 120300, 119140, 5),
(53766, 120300, 119560, 5),
(53767, 120300, 119280, 5),
(53768, 120300, 119230, 5),
(53769, 120300, 118580, 5),
(53770, 120300, 119230, 5),
(53771, 120600, 118750, 5),
(53772, 120900, 119300, 5),
(53773, 120900, 118720, 5),
(53774, 120900, 119550, 5),
(53775, 120900, 119620, 5),
(53776, 120900, 120000, 5),
(53777, 120900, 117860, 5),
(53778, 120900, 118170, 5),
(53779, 120900, 120330, 5),
(53780, 120900, 120330, 5),
(53781, 121300, 119140, 5),
(53782, 121300, 119080, 5),
(53783, 121300, 119940, 5),
(53784, 121300, 119750, 5),
(53785, 121300, 118800, 5),
(53786, 121300, 118680, 5),
(53787, 121300, 120220, 5),
(53788, 121300, 120970, 5),
(53789, 121300, 119820, 5),
(53790, 121300, 120040, 5),
(53791, 121300, 120380, 5),
(53792, 121300, 120330, 5),
(53793, 121300, 119380, 5),
(53794, 121600, 118870, 5),
(53795, 121600, 118890, 5),
(53796, 121600, 118070, 5),
(53797, 121600, 119050, 5),
(53798, 121600, 120020, 5),
(53799, 121600, 119530, 5),
(53800, 121600, 120250, 5),
(53801, 121600, 120050, 5),
(53802, 121600, 120910, 5),
(53803, 121600, 120520, 5),
(53804, 121600, 120830, 5),
(53805, 121600, 120220, 5),
(53806, 121600, 121230, 5),
(53807, 122400, 120560, 5),
(53808, 122400, 117540, 5),
(53809, 122400, 120340, 5),
(53810, 122400, 120260, 5),
(53811, 122400, 119400, 5),
(53812, 122400, 120140, 5),
(53813, 122400, 119690, 5),
(53814, 122400, 120730, 5),
(53815, 122400, 121630, 5),
(53816, 122400, 121620, 5),
(53817, 122400, 121750, 5),
(53818, 122400, 121880, 5),
(53819, 122400, 120560, 5),
(53820, 122400, 120920, 5),
(53821, 122400, 120140, 5),
(53822, 122400, 119220, 5),
(53823, 122400, 119240, 5),
(53824, 122400, 119960, 5),
(53825, 122400, 120690, 5),
(53826, 122400, 121370, 5),
(53827, 122400, 121030, 5),
(53828, 122400, 119940, 5),
(53829, 122400, 120410, 5),
(53830, 122400, 119450, 5),
(53831, 122400, 120910, 5),
(53832, 122400, 120500, 5),
(53833, 122400, 119410, 5),
(53834, 122400, 119810, 5),
(53835, 122400, 120690, 5),
(53836, 122400, 121860, 5),
(53837, 122400, 120460, 5),
(53838, 122400, 120700, 5),
(53839, 122400, 121140, 5),
(53840, 122400, 121520, 5),
(53841, 122400, 121090, 5),
(53842, 122400, 121110, 5),
(53843, 122400, 120270, 5),
(53844, 122400, 120500, 5),
(53845, 122400, 120810, 5),
(53846, 122400, 120350, 5),
(53847, 122400, 119450, 5),
(53848, 122400, 119430, 5),
(53849, 122400, 120310, 5),
(53850, 122400, 121080, 5),
(53851, 122400, 120250, 5),
(53852, 122400, 120240, 5),
(53853, 122400, 119980, 5),
(53854, 122400, 120500, 5),
(53855, 122400, 119380, 5),
(53856, 122400, 119590, 5),
(53857, 122400, 120060, 5),
(53858, 122400, 119900, 5),
(53859, 122400, 119940, 5),
(53860, 122400, 119600, 5),
(53861, 122400, 120300, 5),
(53862, 122400, 120120, 5),
(53863, 122400, 121460, 5),
(53864, 122400, 120280, 5),
(53865, 122400, 120200, 5),
(53866, 122400, 118400, 5),
(53867, 122400, 119210, 5),
(53868, 122400, 119840, 5),
(53869, 122400, 120670, 5),
(53870, 122400, 120800, 5),
(53871, 122400, 120680, 5),
(53872, 122400, 120210, 5),
(53873, 122400, 119830, 5),
(53874, 122400, 119180, 5),
(53875, 122400, 118470, 5),
(53876, 122400, 119090, 5),
(53877, 122400, 119440, 5),
(53878, 122400, 120160, 5),
(53879, 122400, 121180, 5),
(53880, 122400, 121340, 5),
(53881, 122400, 121230, 5),
(53882, 122400, 120810, 5),
(53883, 122400, 120600, 5),
(53884, 122400, 120360, 5),
(53885, 122400, 120890, 5),
(53886, 122400, 121280, 5),
(53887, 122400, 120830, 5),
(53888, 122400, 121560, 5),
(53889, 122400, 120300, 5),
(53890, 122400, 119860, 5),
(53891, 122400, 120850, 5),
(53892, 122400, 120800, 5),
(53893, 122400, 119890, 5),
(53894, 122400, 120470, 5),
(53895, 122400, 118940, 5),
(53896, 122400, 120090, 5),
(53897, 122400, 119510, 5),
(53898, 122400, 120140, 5),
(53899, 122400, 119250, 5),
(53900, 122400, 118970, 5),
(53901, 122400, 120760, 5),
(53902, 122400, 121330, 5),
(53903, 122400, 120150, 5),
(53904, 122400, 120360, 5),
(53905, 122400, 120410, 5),
(53906, 122400, 120150, 5),
(53907, 122400, 118850, 5),
(53908, 122400, 119740, 5),
(53909, 122400, 120210, 5),
(53910, 122400, 120940, 5),
(53911, 122400, 120950, 5),
(53912, 122400, 120700, 5),
(53913, 122400, 120340, 5),
(53914, 122400, 120080, 5),
(53915, 122400, 120100, 5),
(53916, 122400, 120390, 5),
(53917, 122400, 120780, 5),
(53918, 122400, 119850, 5),
(53919, 122400, 121280, 5),
(53920, 122400, 120950, 5),
(53921, 122400, 121830, 5),
(53922, 122400, 121580, 5),
(53923, 122400, 120640, 5),
(53924, 122400, 119850, 5),
(53925, 122400, 120560, 5),
(53926, 122400, 120960, 5),
(53927, 122400, 121490, 5),
(53928, 122400, 120880, 5),
(53929, 122400, 120900, 5),
(53930, 122400, 120680, 5),
(53931, 122400, 120350, 5),
(53932, 122400, 119830, 5),
(53933, 122400, 119430, 5),
(53934, 122400, 120390, 5),
(53935, 122400, 119650, 5),
(53936, 122400, 121700, 5),
(53937, 122400, 119900, 5),
(53938, 122400, 120120, 5),
(53939, 122400, 121780, 5),
(53940, 122400, 120040, 5),
(53941, 122400, 119550, 5),
(53942, 122400, 120260, 5),
(53943, 122400, 121040, 5),
(53944, 122400, 120800, 5),
(53945, 122400, 119550, 5),
(54348, 58000, 57100, 28),
(54349, 58000, 55700, 28),
(54350, 60000, 58500, 28),
(54351, 60000, 57600, 28),
(54352, 60000, 60000, 28),
(54353, 64000, 61000, 28),
(54354, 64000, 59250, 28),
(54355, 64000, 60000, 28),
(54356, 64000, 61250, 28),
(54357, 64000, 61700, 28),
(54358, 64000, 60700, 28),
(54359, 64000, 60400, 28),
(54360, 64000, 59650, 28),
(54361, 64000, 60850, 28),
(54362, 64000, 62800, 28),
(54363, 64000, 63000, 28),
(54364, 64000, 64000, 28),
(54365, 64000, 60000, 28),
(54366, 64000, 61500, 28),
(54367, 64000, 61850, 28),
(54368, 64000, 63000, 28),
(54369, 64000, 61400, 28),
(54370, 64000, 61700, 28),
(54371, 64000, 63500, 28),
(54372, 64000, 63500, 28),
(54373, 64000, 61250, 28),
(54374, 64000, 60250, 28),
(54375, 64000, 59750, 28),
(54376, 64000, 61750, 28),
(54377, 64000, 61750, 28),
(54378, 64000, 63250, 28),
(54379, 64000, 61750, 28),
(54380, 64000, 63200, 28),
(54381, 64000, 63000, 28),
(54382, 64000, 61000, 28),
(54383, 64000, 60250, 28),
(54384, 64000, 63250, 28),
(54385, 64000, 62250, 28),
(54386, 64000, 62500, 28),
(54387, 64000, 60000, 28),
(54388, 64000, 62000, 28),
(54389, 64000, 64000, 28),
(54390, 64000, 64000, 28),
(54391, 64000, 64000, 28),
(54392, 64000, 64000, 28),
(54393, 64000, 64000, 28),
(54394, 64000, 60850, 28),
(54395, 64000, 62500, 28),
(54396, 64000, 62300, 28),
(54397, 64000, 62500, 28),
(54398, 64000, 62500, 28),
(54399, 64000, 62000, 28),
(54400, 64000, 61500, 28),
(54401, 64000, 64000, 28),
(54402, 64000, 64000, 28),
(54403, 64000, 63000, 28),
(54404, 64000, 61000, 28),
(54405, 64000, 61000, 28),
(54406, 64000, 62500, 28),
(54407, 64000, 64000, 28),
(54408, 64000, 64000, 28),
(54409, 64000, 63200, 28),
(54410, 64000, 64000, 28),
(54411, 64000, 62500, 28),
(54412, 64000, 63500, 28),
(54413, 64000, 63000, 28),
(54414, 64000, 64000, 28),
(54415, 64000, 59400, 28),
(54416, 64000, 57900, 28),
(54417, 64000, 62000, 28),
(54418, 64000, 63200, 28),
(54419, 64000, 62100, 28),
(54420, 64000, 62000, 28),
(54421, 64000, 61500, 28),
(54422, 64000, 62000, 28),
(54423, 64000, 60750, 28),
(54424, 64000, 62250, 28),
(54425, 64000, 62850, 28),
(54426, 64000, 60750, 28),
(54427, 64000, 61000, 28),
(54428, 64000, 61000, 28),
(54429, 64000, 61750, 28),
(54430, 64000, 63000, 28),
(54431, 64000, 62200, 28),
(54432, 64000, 61000, 28),
(54433, 64000, 60950, 28),
(54434, 64000, 60450, 28),
(54435, 64000, 59450, 28),
(54436, 64000, 59800, 28),
(54437, 64000, 63400, 28),
(54438, 64000, 64000, 28),
(54439, 64000, 62000, 28),
(54440, 64000, 61000, 28),
(54441, 64000, 59550, 28),
(54442, 64000, 62000, 28),
(54443, 64000, 61300, 28),
(54444, 64000, 62050, 28),
(54445, 64000, 62300, 28),
(54446, 64000, 63250, 28),
(54447, 64000, 63250, 28),
(54448, 64000, 61500, 28),
(54449, 64000, 60750, 28),
(54450, 64000, 59250, 28),
(54451, 64000, 61000, 28),
(54452, 64000, 62000, 28),
(54453, 64000, 62100, 28),
(54454, 64000, 62750, 28),
(54455, 64000, 63250, 28),
(54456, 64000, 63750, 28),
(54457, 64000, 62250, 28),
(54458, 64000, 61000, 28),
(54459, 64000, 62100, 28),
(54460, 64000, 61700, 28),
(54461, 64000, 61300, 28),
(54462, 64000, 61500, 28),
(54463, 64000, 62150, 28),
(54464, 64000, 64000, 28),
(54465, 64000, 62500, 28),
(54466, 64000, 63250, 28),
(54467, 64000, 62250, 28),
(54468, 64000, 62850, 28),
(54469, 64000, 62100, 28),
(54470, 64000, 61300, 28),
(54471, 64000, 60250, 28),
(54472, 64000, 61000, 28),
(54473, 64000, 62250, 28),
(54474, 64000, 62000, 28),
(54475, 64000, 63500, 28),
(54476, 64000, 64000, 28),
(54477, 64000, 64000, 28),
(54478, 64000, 64000, 28),
(54479, 64000, 62500, 28),
(54480, 64000, 64000, 28),
(54481, 64000, 64000, 28),
(54482, 64000, 62800, 28),
(54483, 64000, 63400, 28),
(54484, 64000, 63400, 28),
(54485, 64000, 64000, 28),
(54486, 64000, 62600, 28),
(54487, 64000, 63400, 28),
(54488, 64000, 61300, 28),
(54489, 64000, 59500, 28),
(54490, 64000, 62550, 28),
(54491, 64000, 63150, 28),
(54492, 64000, 63150, 28),
(54493, 64000, 61850, 28),
(54494, 64000, 60250, 28),
(54495, 64000, 59800, 28),
(54496, 64000, 60350, 28),
(54497, 64000, 63200, 28),
(54498, 64000, 63200, 28),
(54499, 64000, 62800, 28),
(54500, 64000, 62600, 28),
(54501, 64000, 62100, 28),
(54502, 64000, 63000, 28),
(54503, 64000, 61400, 28),
(54504, 64000, 63100, 28),
(54505, 64000, 63600, 28),
(54506, 64000, 61350, 28),
(54507, 64000, 62400, 28),
(54508, 64000, 62500, 28),
(54509, 64000, 60750, 28),
(54510, 64000, 62000, 28),
(54511, 64000, 61500, 28),
(54512, 64000, 59750, 28),
(54513, 64000, 59400, 28),
(54514, 64000, 60500, 28),
(54515, 64000, 62000, 28),
(54516, 64000, 62000, 28),
(54517, 64000, 62000, 28),
(54518, 64000, 63000, 28),
(54519, 64000, 58600, 28),
(54520, 64000, 61750, 28),
(54521, 64000, 62300, 28),
(54522, 64000, 64000, 28),
(54523, 64000, 62000, 28),
(54524, 64000, 61200, 28),
(54525, 64000, 62100, 28),
(54526, 64000, 62850, 28),
(54527, 64000, 62250, 28),
(54528, 64000, 59250, 28),
(54529, 64000, 62050, 28),
(54530, 64000, 62500, 28),
(54531, 64000, 62750, 28),
(54532, 64000, 63200, 28),
(54533, 64000, 62750, 28),
(54534, 64000, 61950, 28),
(54535, 64000, 62400, 28),
(54536, 64000, 61900, 28),
(54537, 64000, 58700, 28),
(54538, 64000, 60900, 28),
(54539, 64000, 60100, 28),
(54540, 64000, 61200, 28),
(54541, 64000, 59700, 28),
(54542, 64000, 60800, 28),
(54543, 64000, 59800, 28),
(54544, 64000, 63500, 28),
(54545, 64000, 63750, 28),
(54546, 64000, 61500, 28),
(54547, 64000, 60500, 28),
(54548, 64000, 60500, 28),
(54750, 37800, 37800, 30),
(54751, 38700, 36900, 30),
(54752, 38700, 36900, 30),
(54753, 38700, 37350, 30),
(54754, 38700, 38700, 30),
(54755, 38700, 38700, 30),
(54756, 38700, 38700, 30),
(54757, 38700, 36900, 30),
(54758, 38700, 36900, 30),
(54759, 39600, 39150, 30),
(54760, 39600, 39150, 30),
(54761, 39600, 39150, 30),
(54762, 39600, 39150, 30),
(54763, 39600, 37800, 30),
(54764, 39600, 39600, 30),
(54765, 39600, 36900, 30),
(54766, 39600, 36900, 30),
(54767, 39600, 36900, 30),
(54768, 39600, 39150, 30),
(54769, 39600, 39600, 30),
(54770, 39600, 39600, 30),
(54771, 39600, 37800, 30),
(54772, 39600, 37800, 30),
(54773, 39600, 39600, 30),
(54774, 39600, 39600, 30),
(54775, 39600, 39600, 30),
(54776, 39600, 39600, 30),
(54777, 39600, 39600, 30),
(54778, 39600, 39600, 30),
(54779, 39600, 39600, 30),
(54780, 39600, 39150, 30),
(54781, 39600, 37350, 30),
(54782, 39600, 36900, 30),
(54783, 39600, 36900, 30),
(54784, 39600, 39600, 30),
(54785, 39600, 39600, 30),
(54786, 39600, 39600, 30),
(54787, 39600, 39600, 30),
(54788, 39600, 39600, 30),
(54789, 39600, 37350, 30),
(54790, 39600, 36900, 30),
(54791, 39600, 34200, 30),
(54792, 39600, 39600, 30),
(54793, 39600, 39600, 30),
(54794, 39600, 39600, 30),
(54795, 39600, 39600, 30),
(54796, 39600, 39600, 30),
(54797, 39600, 39600, 30),
(54798, 39600, 39600, 30),
(54799, 39600, 39600, 30),
(54800, 39600, 37350, 30),
(54801, 39600, 36900, 30),
(54802, 39600, 36900, 30),
(54803, 39600, 38250, 30),
(54804, 39600, 39600, 30),
(54805, 39600, 36900, 30),
(54806, 39600, 37350, 30),
(54807, 39600, 37350, 30),
(54808, 39600, 37800, 30),
(54809, 39600, 39600, 30),
(54810, 39600, 38250, 30),
(54811, 39600, 38700, 30),
(54812, 39600, 39600, 30),
(54813, 39600, 39600, 30),
(54814, 39600, 39600, 30),
(54815, 39600, 39600, 30),
(54816, 39600, 38700, 30),
(54817, 39600, 37800, 30),
(54818, 39600, 37800, 30),
(54819, 39600, 37800, 30),
(54820, 39600, 37800, 30),
(54821, 39600, 38700, 30),
(54822, 39600, 38700, 30),
(54823, 39600, 39600, 30),
(54824, 39600, 39150, 30),
(54825, 39600, 39600, 30),
(54826, 39600, 39600, 30),
(54827, 39600, 39600, 30),
(54828, 39600, 36900, 30),
(54829, 39600, 36450, 30),
(54830, 39600, 39600, 30),
(54831, 39600, 39600, 30),
(54832, 39600, 37350, 30),
(54833, 39600, 37350, 30),
(54834, 39600, 37350, 30),
(54835, 39600, 39600, 30),
(54836, 39600, 39600, 30),
(54837, 39600, 39150, 30),
(54838, 39600, 39600, 30),
(54839, 39600, 39600, 30),
(54840, 39600, 39600, 30),
(54841, 39600, 39600, 30),
(54842, 39600, 39600, 30),
(54843, 39600, 39600, 30),
(54844, 39600, 39600, 30),
(54845, 39600, 39600, 30),
(54846, 39600, 39600, 30),
(54847, 39600, 36900, 30),
(54848, 39600, 39600, 30),
(54849, 39600, 38700, 30),
(54850, 39600, 37350, 30),
(54851, 39600, 37350, 30),
(54852, 39600, 39600, 30),
(54853, 39600, 39600, 30),
(54854, 39600, 39600, 30),
(54855, 39600, 39600, 30),
(54856, 39600, 39600, 30),
(54857, 39600, 39600, 30),
(54858, 39600, 36900, 30),
(54859, 39600, 39600, 30),
(54860, 39600, 38250, 30),
(54861, 39600, 38250, 30),
(54862, 39600, 39600, 30),
(54863, 39600, 38250, 30),
(54864, 39600, 39600, 30),
(54865, 39600, 36900, 30),
(54866, 39600, 39150, 30),
(54867, 39600, 39150, 30),
(54868, 39600, 38250, 30),
(54869, 39600, 39600, 30),
(54870, 39600, 39600, 30),
(54871, 39600, 39600, 30),
(54872, 39600, 39600, 30),
(54873, 39600, 36900, 30),
(54874, 39600, 36900, 30),
(54875, 39600, 39600, 30),
(54876, 39600, 39600, 30),
(54877, 39600, 39600, 30),
(54878, 39600, 39600, 30),
(54879, 39600, 39600, 30),
(54880, 39600, 39150, 30),
(54881, 39600, 39150, 30),
(54882, 39600, 39600, 30),
(54883, 39600, 39600, 30),
(54884, 39600, 38250, 30),
(54885, 39600, 38250, 30),
(54886, 39600, 36900, 30),
(54887, 39600, 39600, 30),
(54888, 39600, 37350, 30),
(54889, 39600, 34650, 30),
(54890, 39600, 39600, 30),
(54891, 39600, 39600, 30),
(54892, 39600, 39600, 30),
(54893, 39600, 39600, 30),
(54894, 39600, 38250, 30),
(54895, 39600, 37350, 30),
(54896, 39600, 37350, 30),
(54897, 39600, 39600, 30),
(54898, 39600, 39600, 30),
(54899, 39600, 39600, 30),
(54900, 39600, 37350, 30),
(54901, 39600, 36900, 30),
(54902, 39600, 38700, 30),
(54903, 39600, 38700, 30),
(54904, 39600, 38700, 30),
(54905, 39600, 39600, 30),
(54906, 39600, 39600, 30),
(54907, 39600, 39600, 30),
(54908, 39600, 38250, 30),
(54909, 39600, 39600, 30),
(54910, 39600, 38700, 30),
(54911, 39600, 36000, 30),
(54912, 39600, 37800, 30),
(54913, 39600, 39600, 30),
(54914, 39600, 39600, 30),
(54915, 39600, 38250, 30),
(54916, 39600, 38250, 30),
(54917, 39600, 39600, 30),
(54918, 39600, 39600, 30),
(54919, 39600, 39600, 30),
(54920, 39600, 39600, 30),
(54921, 39600, 39600, 30),
(54922, 39600, 39600, 30),
(54923, 39600, 39600, 30),
(54924, 39600, 37800, 30),
(54925, 39600, 38700, 30),
(54926, 39600, 37800, 30),
(54927, 39600, 37800, 30),
(54928, 39600, 39600, 30),
(54929, 39600, 39600, 30),
(54930, 39600, 39600, 30),
(54931, 39600, 39600, 30),
(54932, 39600, 37800, 30),
(54933, 39600, 39600, 30),
(54934, 39600, 37800, 30),
(54935, 39600, 39600, 30),
(54936, 39600, 38700, 30),
(54937, 39600, 38700, 30),
(54938, 39600, 39150, 30),
(54939, 39600, 39150, 30),
(54940, 39600, 39150, 30),
(54941, 39600, 39150, 30),
(54942, 39600, 39600, 30),
(54943, 39600, 39600, 30),
(54944, 39600, 38700, 30),
(54945, 39600, 38700, 30),
(54946, 39600, 39600, 30),
(54947, 39600, 39600, 30),
(54948, 39600, 39600, 30),
(54949, 39600, 39600, 30),
(54950, 39600, 39600, 30);

-- --------------------------------------------------------

--
-- Table structure for table `hasil`
--

CREATE TABLE `hasil` (
  `value` int(100) NOT NULL,
  `kwh` float NOT NULL,
  `id_user` int(100) NOT NULL
) ENGINE=InnoDB DEFAULT CHARSET=utf8mb4;

--
-- Dumping data for table `hasil`
--

INSERT INTO `hasil` (`value`, `kwh`, `id_user`) VALUES
(122400, 95.76, 5),
(64000, 7548, 28),
(39600, 13.2, 30);

-- --------------------------------------------------------

--
-- Table structure for table `h_device`
--

CREATE TABLE `h_device` (
  `id` int(100) NOT NULL,
  `Nama` varchar(100) NOT NULL,
  `Daya(Watt)` float NOT NULL,
  `Jam` varchar(100) NOT NULL,
  `Prioritas` int(100) NOT NULL,
  `Rekomendasi` int(100) NOT NULL,
  `id_user` int(100) NOT NULL,
  `H1` varchar(10) NOT NULL,
  `M1` varchar(10) NOT NULL,
  `H2` varchar(10) NOT NULL,
  `M2` varchar(10) NOT NULL
) ENGINE=InnoDB DEFAULT CHARSET=utf8mb4;

--
-- Dumping data for table `h_device`
--

INSERT INTO `h_device` (`id`, `Nama`, `Daya(Watt)`, `Jam`, `Prioritas`, `Rekomendasi`, `id_user`, `H1`, `M1`, `H2`, `M2`) VALUES
(2829, 'aaaa', 0.9, 'AUTO', 1, 24, 5, '11', '16', '11', '16'),
(2830, 'aaaa', 1, 'AUTO', 2, 22, 5, '02', '03', '00', '03'),
(2831, 'aaaa', 1.2, 'AUTO', 3, 20, 5, '01', '30', '21', '30'),
(2832, 'aaaa', 0.05, 'AUTO', 4, 18, 5, '11', '40', '05', '40'),
(2833, 'aaaa', 0.125, 'AUTO', 5, 16, 5, '13', '10', '05', '10'),
(2834, 'aaaa', 0.6, 'AUTO', 6, 14, 5, '15', '20', '05', '20'),
(2835, 'aaaa', 0.23, 'AUTO', 7, 12, 5, '22', '23', '10', '23'),
(2836, 'aaaa', 0.09, 'AUTO', 8, 10, 5, '16', '22', '02', '22'),
(2837, 'aaaa', 0.15, 'AUTO', 9, 8, 5, '11', '45', '19', '45'),
(2838, 'lemaria', 0.5, 'AUTO', 1, 24, 5, '05', '01', '05', '01'),
(2845, 'asd', 111, 'AUTO', 1, 24, 28, '13', '07', '13', '07'),
(2846, 'asd', 111, 'AUTO', 1, 24, 28, '13', '07', '13', '07'),
(2847, 'root', 111, 'AUTO', 3, 20, 28, '09', '12', '05', '12'),
(2850, 'lemari', 0.3, 'AUTO', 2, 22, 30, '17', '11', '15', '11'),
(2851, 'lemari', 0.3, 'AUTO', 2, 22, 30, '17', '11', '15', '11');

-- --------------------------------------------------------

--
-- Table structure for table `jam`
--

CREATE TABLE `jam` (
  `id` int(10) NOT NULL,
  `value` varchar(10) NOT NULL
) ENGINE=InnoDB DEFAULT CHARSET=utf8mb4;

--
-- Dumping data for table `jam`
--

INSERT INTO `jam` (`id`, `value`) VALUES
(1, 'AUTO'),
(2, '01'),
(3, '02'),
(4, '03'),
(5, '04'),
(6, '05'),
(7, '06'),
(8, '07'),
(9, '08'),
(10, '09'),
(11, '10'),
(12, '11'),
(13, '12'),
(14, '13'),
(15, '14'),
(16, '15'),
(17, '16'),
(18, '17'),
(19, '18'),
(20, '19'),
(21, '20'),
(22, '21'),
(23, '22'),
(24, '23'),
(25, '24');

-- --------------------------------------------------------

--
-- Table structure for table `pasca`
--

CREATE TABLE `pasca` (
  `id` int(100) NOT NULL,
  `jumlah` int(100) NOT NULL,
  `kwatt` float NOT NULL,
  `hari` int(100) NOT NULL,
  `id_user` int(100) NOT NULL
) ENGINE=InnoDB DEFAULT CHARSET=utf8mb4;

--
-- Dumping data for table `pasca`
--

INSERT INTO `pasca` (`id`, `jumlah`, `kwatt`, `hari`, `id_user`) VALUES
(0, 100000, 6810.1, 30, 5),
(11, 100000, 681.533, 8, 4),
(12, 100000, 68.111, 7, 3),
(21, 100000, 68111, 7, 28),
(22, 1000, 6810.1, 30, 30);

-- --------------------------------------------------------

--
-- Table structure for table `prioritas`
--

CREATE TABLE `prioritas` (
  `id` int(10) NOT NULL
) ENGINE=InnoDB DEFAULT CHARSET=utf8mb4;

--
-- Dumping data for table `prioritas`
--

INSERT INTO `prioritas` (`id`) VALUES
(1),
(2),
(3),
(4),
(5),
(6),
(7),
(8),
(9),
(10);

-- --------------------------------------------------------

--
-- Table structure for table `users`
--

CREATE TABLE `users` (
  `id_user` int(100) NOT NULL,
  `username` varchar(200) NOT NULL,
  `password` text NOT NULL
) ENGINE=InnoDB DEFAULT CHARSET=latin1;

--
-- Dumping data for table `users`
--

INSERT INTO `users` (`id_user`, `username`, `password`) VALUES
(1, 'lemari', 'c4ca4238a0b923820dcc509a6f75849b'),
(2, 'qwe', 'c4ca4238a0b923820dcc509a6f75849b'),
(3, '111', 'c4ca4238a0b923820dcc509a6f75849b'),
(4, 'aku', 'c4ca4238a0b923820dcc509a6f75849b'),
(5, 'root', 'c4ca4238a0b923820dcc509a6f75849b'),
(7, 'kenapa', '89ccfac87d8d06db06bf3211cb2d69ed'),
(8, 'alpiansyah@gmail.com', 'c4ca4238a0b923820dcc509a6f75849b'),
(10, 'adssww', 'c4ca4238a0b923820dcc509a6f75849b'),
(11, 'adssww1', 'c4ca4238a0b923820dcc509a6f75849b'),
(12, 'accc', 'c4ca4238a0b923820dcc509a6f75849b'),
(19, 'asd', 'c4ca4238a0b923820dcc509a6f75849b'),
(27, 'akudia', 'c4ca4238a0b923820dcc509a6f75849b'),
(28, 'admin', 'c4ca4238a0b923820dcc509a6f75849b'),
(30, 'root1', 'c4ca4238a0b923820dcc509a6f75849b');

--
-- Indexes for dumped tables
--

--
-- Indexes for table `device`
--
ALTER TABLE `device`
  ADD PRIMARY KEY (`id`),
  ADD KEY `username` (`id_user`);

--
-- Indexes for table `fitness`
--
ALTER TABLE `fitness`
  ADD PRIMARY KEY (`id`),
  ADD KEY `username` (`id_user`);

--
-- Indexes for table `hasil`
--
ALTER TABLE `hasil`
  ADD UNIQUE KEY `id_user` (`id_user`);

--
-- Indexes for table `h_device`
--
ALTER TABLE `h_device`
  ADD PRIMARY KEY (`id`),
  ADD KEY `username` (`id_user`);

--
-- Indexes for table `jam`
--
ALTER TABLE `jam`
  ADD PRIMARY KEY (`id`);

--
-- Indexes for table `pasca`
--
ALTER TABLE `pasca`
  ADD PRIMARY KEY (`id`),
  ADD UNIQUE KEY `id_user` (`id_user`),
  ADD KEY `username` (`id_user`);

--
-- Indexes for table `prioritas`
--
ALTER TABLE `prioritas`
  ADD PRIMARY KEY (`id`);

--
-- Indexes for table `users`
--
ALTER TABLE `users`
  ADD PRIMARY KEY (`id_user`),
  ADD UNIQUE KEY `username` (`username`);

--
-- AUTO_INCREMENT for dumped tables
--

--
-- AUTO_INCREMENT for table `device`
--
ALTER TABLE `device`
  MODIFY `id` int(100) NOT NULL AUTO_INCREMENT, AUTO_INCREMENT=41;

--
-- AUTO_INCREMENT for table `fitness`
--
ALTER TABLE `fitness`
  MODIFY `id` int(100) NOT NULL AUTO_INCREMENT, AUTO_INCREMENT=54951;

--
-- AUTO_INCREMENT for table `h_device`
--
ALTER TABLE `h_device`
  MODIFY `id` int(100) NOT NULL AUTO_INCREMENT, AUTO_INCREMENT=2852;

--
-- AUTO_INCREMENT for table `pasca`
--
ALTER TABLE `pasca`
  MODIFY `id` int(100) NOT NULL AUTO_INCREMENT, AUTO_INCREMENT=23;

--
-- AUTO_INCREMENT for table `users`
--
ALTER TABLE `users`
  MODIFY `id_user` int(100) NOT NULL AUTO_INCREMENT, AUTO_INCREMENT=31;

--
-- Constraints for dumped tables
--

--
-- Constraints for table `device`
--
ALTER TABLE `device`
  ADD CONSTRAINT `device_ibfk_1` FOREIGN KEY (`id_user`) REFERENCES `users` (`id_user`);

--
-- Constraints for table `fitness`
--
ALTER TABLE `fitness`
  ADD CONSTRAINT `fitness_ibfk_1` FOREIGN KEY (`id_user`) REFERENCES `users` (`id_user`);

--
-- Constraints for table `hasil`
--
ALTER TABLE `hasil`
  ADD CONSTRAINT `hasil_ibfk_1` FOREIGN KEY (`id_user`) REFERENCES `users` (`id_user`);

--
-- Constraints for table `h_device`
--
ALTER TABLE `h_device`
  ADD CONSTRAINT `h_device_ibfk_1` FOREIGN KEY (`id_user`) REFERENCES `users` (`id_user`);

--
-- Constraints for table `pasca`
--
ALTER TABLE `pasca`
  ADD CONSTRAINT `pasca_ibfk_1` FOREIGN KEY (`id_user`) REFERENCES `users` (`id_user`);
COMMIT;

/*!40101 SET CHARACTER_SET_CLIENT=@OLD_CHARACTER_SET_CLIENT */;
/*!40101 SET CHARACTER_SET_RESULTS=@OLD_CHARACTER_SET_RESULTS */;
/*!40101 SET COLLATION_CONNECTION=@OLD_COLLATION_CONNECTION */;
